temperatura,humedad,viento_vel,precipitacion,intensidad_mean,intensidad_max,ocupacion_mean,carga_mean,vmed_mean,vmed_max,distancia_meteo_km,distancia_trafico_km,mes_sin,mes_cos,dia_anio_sin,dia_anio_cos,finde,no2_lag1,no2_lag7,no2_roll_mean_3,no2_roll_mean_7,viento_vel_missing,precipitacion_missing,estacion,tipo_elem_moda,estacion_anio,no2
10.183333333333334,,11.022916666666667,0.0,850.7395833333334,1453.0,11.395833333333334,35.791666666666664,0.0,0.0,0.0,0.06,0.8660254037844386,0.5000000000000001,0.7802958510707755,0.6254105729852463,0,62.0,44.0,52.666666666666664,42.57142857142857,1,1,4,URB,invierno,58
30.19166666666667,,11.022916666666667,0.0,,,,,,,0.0,0.06,-0.8660254037844384,-0.5000000000000004,-0.6287628145958345,-0.7775971469736268,1,33.0,11.0,29.0,22.285714285714285,1,1,4,,verano,20
29.895833333333332,,11.022916666666667,0.0,,,,,,,0.0,0.06,-0.8660254037844384,-0.5000000000000004,-0.7856498550787144,-0.6186714032625032,0,26.0,18.0,22.333333333333332,19.0,1,1,4,,verano,22
16.820833333333333,,11.022916666666667,0.0,438.34375,687.0,29.25,43.34375,0.0,0.0,0.0,0.06,-0.8660254037844386,0.5000000000000001,-0.9778483415056568,0.2093146459630488,0,39.0,47.0,36.0,40.42857142857143,1,1,4,URB,otonio,55
9.966666666666669,,11.022916666666667,0.0,350.5520833333333,541.0,7.395833333333333,22.95833333333333,0.0,0.0,0.0,0.06,1.0,6.123233995736766e-17,0.9992500112396836,0.0387222808921744,0,28.0,40.0,33.333333333333336,33.714285714285715,1,1,4,URB,primavera,29
21.366666666666667,,11.022916666666667,0.0,393.4479166666667,576.0,11.229166666666666,28.08333333333333,0.0,0.0,0.0,0.06,-1.0,-1.8369701987210294e-16,-0.9175836260593934,-0.3975428142825566,0,39.0,31.0,30.666666666666668,29.142857142857142,1,1,4,URB,otonio,35
6.775,83.25,11.022916666666667,0.0,276.53125,527.0,9.15625,16.489583333333332,0.0,0.0,0.0,0.075,0.8660254037844386,0.5000000000000001,0.5234156073655503,0.8520775211013093,0,37.0,73.0,45.666666666666664,51.714285714285715,1,1,8,URB,invierno,44
6.845833333333333,76.70833333333333,11.022916666666667,0.0,,,,,,,0.0,0.075,1.0,6.123233995736766e-17,0.9657399376548548,0.2595117970697999,0,16.0,47.0,30.666666666666668,50.714285714285715,1,1,8,,primavera,23
30.95416666666667,27.708333333333332,11.022916666666667,0.0,,,,,,,0.0,0.075,-0.4999999999999998,-0.8660254037844388,-0.5012418134457756,-0.8653072543632061,0,32.0,37.0,37.333333333333336,36.42857142857143,1,1,8,,verano,46
16.566666666666666,44.541666666666664,11.022916666666667,0.0,,,,,,,0.0,0.075,-1.0,-1.8369701987210294e-16,-0.9995462806873572,-0.0301203048469083,0,14.0,37.0,19.666666666666668,28.714285714285715,1,1,8,,otonio,57
15.222727272727273,75.18181818181819,11.022916666666667,0.0,,,,,,,0.0,0.075,-0.8660254037844386,0.5000000000000001,-0.9398560579418952,0.341570769167856,0,52.0,51.0,48.666666666666664,44.142857142857146,1,1,8,,otonio,46
7.9125,72.79166666666667,11.022916666666667,0.0,,,,,,,0.0,0.075,0.8660254037844386,0.5000000000000001,0.6084768701151261,0.7935716089521474,1,29.0,17.0,33.666666666666664,29.714285714285715,1,1,8,,invierno,20
20.595833333333335,51.625,11.022916666666667,0.0,552.40625,1062.0,4.854166666666667,28.260416666666668,0.0,0.0,0.0,0.075,-1.0,-1.8369701987210294e-16,-0.9988797155850336,-0.0473213883224323,0,61.0,23.0,38.666666666666664,33.57142857142857,1,1,8,URB,otonio,49
6.695833333333333,65.58333333333333,11.022916666666667,0.0,629.21875,1076.0,5.875,32.75,0.0,0.0,0.0,0.075,-0.5000000000000004,0.8660254037844384,-0.5667017562911184,0.8239230057575536,0,52.0,44.0,43.666666666666664,42.42857142857143,1,1,8,URB,otonio,59
6.183333333333334,55.125,11.022916666666667,0.0,568.8105263157895,998.0,4.347368421052631,29.221052631578942,0.0,0.0,0.0,0.075,0.4999999999999999,0.8660254037844387,0.3536761221763716,0.9353679493131484,0,52.0,45.0,64.33333333333333,59.142857142857146,1,1,8,URB,invierno,41
11.645833333333332,58.416666666666664,11.022916666666667,0.0,364.8279569892473,652.0,2.3870967741935485,18.096774193548388,0.0,0.0,0.0,0.075,0.8660254037844387,-0.4999999999999998,0.9242907221930934,-0.3816892202666588,1,19.0,26.0,25.0,24.857142857142858,1,1,8,URB,primavera,21
11.00952380952381,92.66666666666669,11.022916666666667,0.0,627.7291666666666,1118.0,5.65625,32.65625,0.0,0.0,0.0,0.075,-2.4492935982947064e-16,1.0,-0.1712931441814778,0.9852201067560606,0,59.0,43.0,47.333333333333336,43.42857142857143,1,1,8,URB,invierno,36
13.2,17.833333333333332,11.022916666666667,0.0,439.25,813.0,3.625,22.30208333333333,0.0,0.0,0.0,0.075,0.8660254037844387,-0.4999999999999998,0.9979171608653922,-0.0645084494493162,0,22.0,54.0,20.0,25.571428571428573,1,1,8,URB,primavera,30
17.058333333333334,64.54166666666667,11.022916666666667,0.0,607.2291666666666,1143.0,5.833333333333333,31.59375,0.0,0.0,0.0,0.075,0.4999999999999999,-0.8660254037844387,0.5160623910158528,-0.8565509959010036,0,34.0,21.0,26.666666666666668,24.857142857142858,1,1,8,URB,primavera,29
19.291666666666664,39.416666666666664,11.022916666666667,0.0,746.8020833333334,1538.0,6.677083333333333,28.90625,0.0,0.0,2.6,0.052,0.4999999999999999,-0.8660254037844387,0.5595892624101765,-0.8287700871745037,0,38.0,32.0,21.0,28.428571428571427,1,1,11,URB,primavera,21
21.354166666666664,53.375,11.022916666666667,0.0,355.7916666666667,1008.0,3.083333333333333,13.21875,0.0,0.0,2.6,0.052,-0.8660254037844386,0.5000000000000001,-0.9813064702716092,0.1924515819708299,1,65.0,40.0,58.0,59.42857142857143,1,1,11,URB,otonio,32
12.6625,79.875,11.022916666666667,0.0,696.8541666666666,1528.0,5.8125,26.80208333333333,0.0,0.0,2.6,0.052,0.8660254037844386,0.5000000000000001,0.5524353131676196,0.8335557718385699,0,43.0,45.0,30.666666666666668,29.714285714285715,1,1,11,URB,invierno,50
10.0,52.875,11.022916666666667,0.0,702.1979166666666,1406.0,5.78125,26.9375,0.0,0.0,2.6,0.052,0.8660254037844386,0.5000000000000001,0.7583058084785625,0.6518989958787126,0,39.0,63.0,41.333333333333336,48.142857142857146,1,1,11,URB,invierno,55
22.85,34.0,11.022916666666667,0.0,564.6145833333334,1274.0,5.0,21.5,0.0,0.0,2.6,0.052,-1.0,-1.8369701987210294e-16,-0.9368813462954316,-0.3496474552512282,0,28.0,33.0,19.333333333333332,34.42857142857143,1,1,11,URB,otonio,41
17.520833333333336,81.75,11.022916666666667,0.0,563.2395833333334,1329.0,4.6875,21.55208333333333,0.0,0.0,2.6,0.052,-1.0,-1.8369701987210294e-16,-0.97961369164549,-0.2008905551306352,0,37.0,44.0,40.666666666666664,36.57142857142857,1,1,11,URB,otonio,35
9.679166666666667,51.958333333333336,11.022916666666667,0.0,579.0833333333334,1213.0,4.84375,22.21875,0.0,0.0,2.6,0.052,1.0,6.123233995736766e-17,0.9275416835791966,0.373719714790469,0,23.0,46.0,27.666666666666668,34.285714285714285,1,1,11,URB,primavera,39
19.745833333333337,51.625,11.022916666666667,0.0,678.5,1401.0,5.604166666666667,25.84375,0.0,0.0,2.6,0.052,-1.0,-1.8369701987210294e-16,-0.999916658654738,-0.0129102960750088,0,39.0,20.0,50.333333333333336,36.285714285714285,1,1,11,URB,otonio,45
17.5,56.25,11.022916666666667,0.0,671.1458333333334,1393.0,6.625,26.03125,0.0,0.0,2.6,0.052,-0.8660254037844386,0.5000000000000001,-0.9398560579418952,0.341570769167856,0,40.0,59.0,51.333333333333336,51.57142857142857,1,1,11,URB,otonio,34
16.716666666666665,72.08333333333333,11.022916666666667,0.0,564.96875,1145.0,5.489583333333333,21.8125,0.0,0.0,2.6,0.052,-0.8660254037844386,0.5000000000000001,-0.9844738167520924,0.1755314904214277,0,38.0,82.0,32.0,45.857142857142854,1,1,11,URB,otonio,27
,41.458333333333336,11.022916666666667,0.0,249.2083333333333,516.0,0.5208333333333334,11.78125,0.0,0.0,0.0,0.08,-0.4999999999999998,-0.8660254037844388,-0.2135209154397959,-0.9769384927771816,1,35.0,22.0,49.666666666666664,34.285714285714285,1,1,16,URB,verano,10
,76.20833333333333,11.022916666666667,0.0,594.125,1313.0,3.4166666666666665,29.385416666666668,0.0,0.0,0.0,0.08,0.4999999999999999,0.8660254037844387,0.3697245428906731,0.9291414114031744,0,16.0,74.0,15.0,38.857142857142854,1,1,16,URB,invierno,24
,40.958333333333336,11.022916666666667,0.0,632.46875,1511.0,3.7083333333333335,31.229166666666668,0.0,0.0,0.0,0.08,0.8660254037844386,0.5000000000000001,0.7802958510707755,0.6254105729852463,0,61.0,43.0,45.666666666666664,43.285714285714285,1,1,16,URB,invierno,58
,33.208333333333336,11.022916666666667,0.0,305.0833333333333,646.0,1.09375,14.364583333333334,0.0,0.0,0.0,0.08,-0.8660254037844384,-0.5000000000000004,-0.7295575540864876,-0.6839194216246105,0,10.0,27.0,13.0,20.285714285714285,1,1,16,URB,verano,15
,84.34782608695652,11.022916666666667,0.0,582.6770833333334,1425.0,3.8020833333333335,28.479166666666668,0.0,0.0,0.0,0.08,-0.5000000000000004,0.8660254037844384,-0.594726686960764,0.8039279618328208,0,30.0,26.0,35.0,32.714285714285715,1,1,16,URB,otonio,37
5.625,51.5,11.022916666666667,0.0,581.59375,1296.0,3.583333333333333,28.36458333333333,0.0,0.0,0.0,0.08,1.0,6.123233995736766e-17,0.8758917051442429,0.4825077417612184,0,50.0,40.0,36.666666666666664,34.142857142857146,1,1,16,URB,primavera,45
30.26666666666667,32.208333333333336,11.022916666666667,0.0,348.6666666666667,673.0,1.5208333333333333,16.46875,0.0,0.0,0.0,0.08,-0.8660254037844384,-0.5000000000000004,-0.6152845999633277,-0.7883050558305253,0,31.0,29.0,21.0,17.428571428571427,1,1,16,URB,verano,31
13.829166666666666,52.041666666666664,11.022916666666667,0.0,558.0833333333334,1350.0,3.59375,27.385416666666668,0.0,0.0,0.0,0.08,-1.0,-1.8369701987210294e-16,-0.9886775902323404,-0.1500553983446526,0,14.0,21.0,24.666666666666668,21.857142857142858,1,1,16,URB,otonio,18
16.4,67.91666666666667,14.429166666666664,1.0833333333333337,155.29166666666666,396.0,2.5104166666666665,7.46875,0.0,0.0,4.24,0.213,-0.8660254037844386,0.5000000000000001,-0.9741004551724206,0.226115685508288,0,33.0,76.0,36.666666666666664,54.857142857142854,0,0,17,URB,otonio,34
9.104166666666668,75.75,11.7,0.0,128.04444444444445,246.0,25.933333333333337,29.07777777777778,0.0,0.0,4.24,0.213,0.4999999999999999,0.8660254037844387,0.288482432880609,0.9574851883550392,0,42.0,32.0,50.666666666666664,49.857142857142854,0,0,17,URB,invierno,30
6.5458333333333325,66.66666666666667,23.491666666666667,0.5,46.18478260869565,98.0,2.065217391304348,3.5760869565217392,0.0,0.0,4.24,0.213,1.0,6.123233995736766e-17,0.9997685019798908,0.0215160974362222,0,24.0,19.0,21.333333333333332,20.142857142857142,0,0,17,URB,primavera,9
9.066666666666666,39.208333333333336,12.908333333333337,0.0,,,,,,,4.24,0.213,1.0,6.123233995736766e-17,0.9813064702716092,0.1924515819708299,1,9.0,20.0,13.0,15.714285714285714,0,0,17,,primavera,22
14.725,47.25,10.920833333333333,0.0,,,,,,,4.24,0.213,0.8660254037844387,-0.4999999999999998,0.9536809966304456,-0.3008198076356673,0,17.0,26.0,17.666666666666668,24.142857142857142,0,0,17,,primavera,40
15.208333333333334,58.916666666666664,10.1125,0.0,,,,,,,4.24,0.213,0.8660254037844387,-0.4999999999999998,0.9483615800121716,-0.3171912885891061,0,40.0,47.0,24.666666666666668,26.142857142857142,0,0,17,,primavera,37
4.441666666666666,,11.022916666666667,0.0,105.89583333333331,215.0,3.552083333333333,10.1875,0.0,0.0,0.0,0.488,0.4999999999999999,0.8660254037844387,0.2219215130041655,0.9750645322571948,1,60.0,73.0,60.0,69.28571428571429,1,1,18,URB,invierno,61
11.908333333333331,,11.022916666666667,0.0,153.17708333333334,313.0,5.885416666666667,15.208333333333334,0.0,0.0,0.0,0.488,0.8660254037844387,-0.4999999999999998,0.9859481499638304,-0.1670516255021192,0,18.0,22.0,18.0,17.857142857142858,1,1,18,URB,primavera,33
11.316666666666666,,11.022916666666667,0.0,82.66666666666667,221.0,2.34375,7.635416666666667,0.0,0.0,0.0,0.488,0.8660254037844387,-0.4999999999999998,0.9587178169872964,-0.2843591872810034,0,20.0,33.0,26.666666666666668,30.857142857142858,1,1,18,URB,primavera,17
12.533333333333331,,11.022916666666667,0.0,146.69473684210527,312.0,6.136842105263158,14.91578947368421,0.0,0.0,0.0,0.488,-0.5000000000000004,0.8660254037844384,-0.5667017562911184,0.8239230057575536,0,25.0,63.0,17.666666666666668,37.0,1,1,18,URB,otonio,29
7.225,,11.022916666666667,0.0,109.09375,246.0,3.583333333333333,10.34375,0.0,0.0,0.0,0.488,0.4999999999999999,0.8660254037844387,0.3212696616923644,0.9469877530760752,1,44.0,65.0,49.0,60.142857142857146,1,1,18,URB,invierno,19
10.708333333333332,,11.022916666666667,0.0,145.875,307.0,5.791666666666667,14.583333333333334,0.0,0.0,0.0,0.488,0.8660254037844386,0.5000000000000001,0.7354170229639855,0.6776147890466889,0,35.0,51.0,42.0,45.142857142857146,1,1,18,URB,invierno,35
10.9,,11.022916666666667,0.0,41.07368421052632,116.0,1.326315789473684,4.0,0.0,0.0,0.0,0.488,1.0,6.123233995736766e-17,0.989932495087353,0.141540295217043,0,9.0,15.0,11.333333333333334,17.0,1,1,18,URB,primavera,18
31.93809523809524,,11.022916666666667,0.0,130.63541666666666,279.0,5.229166666666667,13.166666666666666,0.0,0.0,0.0,0.488,-0.4999999999999998,-0.8660254037844388,-0.4405187843504952,-0.8977433935342336,0,24.0,32.0,21.666666666666668,24.0,1,1,18,URB,verano,36
12.63913043478261,,11.022916666666667,0.0,,,,,,,0.0,0.488,1.0,6.123233995736766e-17,0.8996308696522433,0.436651231956064,1,37.0,43.0,43.333333333333336,37.42857142857143,1,1,18,,primavera,24
24.3625,,11.022916666666667,0.0,,,,,,,0.0,0.488,1.2246467991473532e-16,-1.0,0.3294084822245304,-0.9441875088341992,1,19.0,13.0,23.333333333333332,21.571428571428573,1,1,18,,verano,9
26.945833333333333,,11.022916666666667,0.0,,,,,,,0.0,0.488,-0.4999999999999998,-0.8660254037844388,-0.0430222330045303,-0.99907411510223,1,11.0,24.0,19.666666666666668,17.428571428571427,1,1,18,,verano,8
26.8,,11.022916666666667,0.0,,,,,,,0.0,0.488,-0.4999999999999998,-0.8660254037844388,-0.0602132773657927,-0.9981855344718586,0,8.0,8.0,16.0,15.142857142857142,1,1,18,,verano,13
28.90416666666667,,11.022916666666667,0.0,,,,,,,0.0,0.488,-0.8660254037844384,-0.5000000000000004,-0.7295575540864876,-0.6839194216246105,0,25.0,28.0,20.666666666666668,20.285714285714285,1,1,18,,verano,17
2.0125,69.91666666666667,7.341666666666667,0.0,102.8125,564.0,1.1868131868131868,0.0,41.72916666666666,79.0,0.0,1.182,0.4999999999999999,0.8660254037844387,0.2051044998686192,0.9787400799669153,1,49.0,57.0,43.333333333333336,51.0,0,0,24,M30,invierno,44
27.929166666666667,31.5,30.0,0.0,70.0,396.0,0.6666666666666666,0.0,23.229166666666668,98.0,0.0,1.182,-0.4999999999999998,-0.8660254037844388,-0.0430222330045303,-0.99907411510223,0,12.0,13.0,15.0,16.0,0,0,24,M30,verano,10
29.7,30.791666666666668,18.975,0.0,129.375,408.0,1.3870967741935485,0.0,48.69791666666666,75.0,0.0,1.182,-0.4999999999999998,-0.8660254037844388,-0.2967128192734901,-0.9549667548552552,0,16.0,40.0,14.0,17.428571428571427,0,0,24,M30,verano,12
10.704166666666667,80.625,44.59166666666667,0.0,112.25,456.0,1.184782608695652,0.0,45.54166666666666,83.0,0.0,1.182,-2.4492935982947064e-16,1.0,-0.154308820664281,0.9880226656636976,1,1.0,18.0,10.333333333333334,19.142857142857142,0,0,24,M30,invierno,1
13.845833333333337,77.45833333333333,19.454166666666666,0.2083333333333333,33.25,144.0,1.186046511627907,0.0,27.0625,85.0,0.0,1.182,0.8660254037844387,-0.4999999999999998,0.9587178169872964,-0.2843591872810034,0,8.0,7.0,9.0,7.428571428571429,0,0,24,M30,primavera,7
30.02916666666667,30.375,12.3,0.0,,,,,,,0.0,1.182,-0.8660254037844384,-0.5000000000000004,-0.6152845999633277,-0.7883050558305253,1,13.0,10.0,17.0,11.571428571428571,0,0,24,,verano,14
8.620833333333334,43.958333333333336,22.0375,0.0,104.29166666666669,780.0,1.181818181818182,0.0,40.82291666666666,109.0,0.0,1.182,1.0,6.123233995736766e-17,0.970063921851507,0.2428497220959356,0,7.0,15.0,10.333333333333334,11.285714285714286,0,0,24,M30,primavera,8
24.2375,43.166666666666664,18.058333333333337,0.0,170.0,240.0,1.4166666666666667,0.0,45.333333333333336,64.0,0.0,1.182,-0.8660254037844384,-0.5000000000000004,-0.8359254794186365,-0.5488429582847199,1,10.0,12.0,10.0,11.142857142857142,0,0,24,M30,verano,8
15.266666666666666,80.20833333333333,11.2125,0.0125,100.625,312.0,0.9052631578947368,0.0,45.239583333333336,99.0,0.0,1.182,0.4999999999999999,-0.8660254037844387,0.5307300481619334,-0.8475409228928311,0,18.0,9.0,11.666666666666666,11.857142857142858,0,0,24,C30,primavera,16
25.62916666666667,33.458333333333336,15.216666666666663,0.0,94.875,456.0,1.043010752688172,0.0,41.4375,75.0,0.0,1.182,-0.4999999999999998,-0.8660254037844388,-0.4711595076738639,-0.8820480249558535,1,10.0,11.0,11.0,9.857142857142858,0,0,24,C30,verano,7
20.1,39.041666666666664,16.541666666666664,0.0,560.1041666666666,1321.0,7.916666666666667,22.135416666666668,0.0,0.0,2.78,0.168,1.2246467991473532e-16,-1.0,0.3131070409358269,-0.9497178427914316,0,34.0,24.0,24.333333333333332,22.0,0,0,27,URB,verano,28
15.225,70.45833333333333,21.3,1.0833333333333337,548.53125,1393.0,7.510416666666667,21.46875,0.0,0.0,2.78,0.168,-0.8660254037844386,0.5000000000000001,-0.9741004551724206,0.226115685508288,0,38.0,74.0,43.0,53.714285714285715,0,0,27,URB,otonio,30
13.5375,67.25,26.929166666666667,0.0,514.4479166666666,1215.0,5.458333333333333,19.791666666666668,0.0,0.0,2.78,0.168,1.0,6.123233995736766e-17,0.8919813464595485,0.4520722039323043,0,23.0,21.0,14.333333333333334,26.142857142857142,0,0,27,URB,primavera,18
20.6125,51.125,8.8375,0.0,,,,,,,2.78,0.168,0.4999999999999999,-0.8660254037844387,0.5737722679043246,-0.8190148866680801,0,19.0,30.0,18.0,18.857142857142858,0,0,27,,primavera,23
26.43333333333333,27.208333333333332,9.170833333333333,0.0,,,,,,,2.78,0.168,-0.8660254037844384,-0.5000000000000004,-0.7638886127905429,-0.64534811322955,1,23.0,40.0,23.666666666666668,26.571428571428573,0,0,27,,verano,36
27.52916666666667,36.666666666666664,11.958333333333332,0.0,461.8541666666667,1110.0,2.552083333333333,16.979166666666668,0.0,0.0,2.78,0.168,-0.4999999999999998,-0.8660254037844388,-0.4405187843504952,-0.8977433935342336,0,14.0,31.0,21.666666666666668,26.428571428571427,0,0,27,URB,verano,25
7.1,94.75,5.3125,0.2541666666666666,,,,,,,2.78,0.168,-2.4492935982947064e-16,1.0,-0.3697245428906732,0.9291414114031744,0,31.0,48.0,39.0,41.142857142857146,0,0,27,,invierno,48
19.25217391304348,64.0,11.022916666666667,0.6304347826086956,,,,,,,2.78,0.168,1.2246467991473532e-16,-1.0,0.3131070409358269,-0.9497178427914316,0,25.0,29.0,20.333333333333332,22.142857142857142,1,0,27,,verano,25
25.308333333333337,50.166666666666664,11.022916666666667,0.0,,,,,,,2.78,0.168,-0.4999999999999998,-0.8660254037844388,-0.0258184402271323,-0.9996666485105112,0,14.0,33.0,14.666666666666666,25.285714285714285,1,0,27,,verano,29
12.2,84.5,11.022916666666667,0.0,72.86458333333333,148.0,5.0625,21.86458333333333,0.0,0.0,0.0,0.03,0.8660254037844386,0.5000000000000001,0.5234156073655503,0.8520775211013093,1,26.0,38.0,24.666666666666668,29.0,1,1,35,URB,invierno,19
8.358333333333333,81.75,11.022916666666667,0.0,,,,,,,0.0,0.03,-2.4492935982947064e-16,1.0,-0.2386727660059499,0.9711000518829505,0,26.0,26.0,35.666666666666664,26.285714285714285,1,1,35,,invierno,53
7.4625,61.458333333333336,11.022916666666667,0.0,68.4375,155.0,4.71875,11.53125,0.0,0.0,0.0,0.03,0.8660254037844386,0.5000000000000001,0.6354323008901774,0.7721565844991642,0,33.0,66.0,38.0,56.142857142857146,1,1,35,URB,invierno,41
17.383333333333333,28.791666666666668,11.022916666666667,0.0,57.208333333333336,104.0,3.8645833333333335,9.635416666666666,0.0,0.0,0.0,0.03,0.4999999999999999,-0.8660254037844387,0.8263541987239096,-0.5631507242749186,1,31.0,28.0,26.666666666666668,24.0,1,1,35,URB,primavera,31
21.458333333333336,51.333333333333336,11.022916666666667,0.0,31.621052631578948,61.0,2.3684210526315788,5.547368421052632,0.0,0.0,0.0,0.03,-1.0,-1.8369701987210294e-16,-0.9536809966304456,-0.300819807635668,0,32.0,33.0,23.0,26.142857142857142,1,1,35,URB,otonio,25
9.258333333333333,40.583333333333336,11.022916666666667,0.0,,,,,,,0.0,0.03,1.0,6.123233995736766e-17,0.9813064702716092,0.1924515819708299,0,23.0,51.0,19.0,36.57142857142857,1,1,36,,primavera,48
14.029166666666663,33.5,11.022916666666667,0.0,,,,,,,0.0,0.03,0.8660254037844387,-0.4999999999999998,0.97961369164549,-0.200890555130635,1,40.0,19.0,31.333333333333332,27.0,1,1,36,,primavera,43
24.916666666666664,47.666666666666664,11.022916666666667,0.0,,,,,,,0.0,0.03,-0.8660254037844384,-0.5000000000000004,-0.8452490573530634,-0.5343725582809785,0,50.0,30.0,33.0,32.42857142857143,1,1,36,,verano,56
10.030434782608696,68.6086956521739,11.022916666666667,0.0,,,,,,,0.0,0.03,-0.5000000000000004,0.8660254037844384,-0.8013610881746769,0.5981809144059159,0,31.0,36.0,24.333333333333332,22.0,1,1,36,,otonio,26
18.7375,42.833333333333336,11.022916666666667,0.0,,,,,,,0.0,0.03,0.4999999999999999,-0.8660254037844387,0.8263541987239096,-0.5631507242749186,0,14.0,11.0,11.333333333333334,10.285714285714286,1,1,36,,primavera,12
16.454166666666666,56.875,11.022916666666667,0.0,,,,,,,0.0,0.03,1.2246467991473532e-16,-1.0,0.2967128192734907,-0.9549667548552552,1,12.0,10.0,15.0,11.857142857142858,1,1,36,,verano,11
28.40833333333333,35.666666666666664,11.022916666666667,0.0,,,,,,,0.0,0.03,-0.8660254037844384,-0.5000000000000004,-0.5307300481619331,-0.8475409228928312,1,31.0,26.0,30.666666666666668,30.0,1,1,36,,verano,14
22.808333333333337,42.416666666666664,11.022916666666667,0.0,,,,,,,0.0,0.03,-1.0,-1.8369701987210294e-16,-0.9427611433904206,-0.333468778918187,0,46.0,37.0,25.333333333333332,30.0,1,1,36,,otonio,28
11.9875,82.25,11.022916666666667,0.0,,,,,,,0.0,0.03,-0.5000000000000004,0.8660254037844384,-0.780295851070776,0.6254105729852457,1,21.0,48.0,27.333333333333332,32.714285714285715,1,1,36,,otonio,36
26.8125,42.541666666666664,11.022916666666667,0.0,,,,,,,0.0,0.03,-0.8660254037844384,-0.5000000000000004,-0.7526668275320083,-0.6584015846980489,0,23.0,36.0,18.333333333333332,23.428571428571427,1,1,36,,verano,21
21.7625,62.458333333333336,11.022916666666667,0.0,,,,,,,0.0,0.03,-1.0,-1.8369701987210294e-16,-0.888057322629493,-0.4597327394521046,0,27.0,32.0,25.666666666666668,24.142857142857142,1,1,36,,otonio,37
18.375,58.166666666666664,11.022916666666667,0.0,,,,,,,0.0,0.03,-1.0,-1.8369701987210294e-16,-0.999916658654738,-0.0129102960750088,0,37.0,17.0,47.0,34.142857142857146,1,1,36,,otonio,39
10.133333333333333,52.125,11.022916666666667,0.0,,,,,,,0.0,0.03,0.8660254037844387,-0.4999999999999998,0.9427611433904208,-0.3334687789181868,0,10.0,10.0,17.666666666666668,17.0,1,1,36,,primavera,28
16.025,44.25,11.022916666666667,0.0,,,,,,,0.0,0.03,0.4999999999999999,-0.8660254037844387,0.8263541987239096,-0.5631507242749186,0,24.0,20.0,17.333333333333332,20.714285714285715,1,1,36,,primavera,15
28.67083333333333,34.083333333333336,11.022916666666667,0.0,102.3125,223.0,1.2916666666666667,5.166666666666667,0.0,0.0,0.0,0.03,-0.8660254037844384,-0.5000000000000004,-0.5452404385406507,-0.8382797052177745,0,24.0,22.0,22.333333333333332,20.142857142857142,1,1,36,URB,verano,26
25.67083333333333,38.833333333333336,11.022916666666667,0.0,90.60416666666669,215.0,1.1145833333333333,4.65625,0.0,0.0,0.0,0.03,-0.8660254037844384,-0.5000000000000004,-0.7856498550787144,-0.6186714032625032,0,13.0,15.0,19.0,16.0,1,1,36,URB,verano,18
18.583333333333336,75.41666666666667,11.022916666666667,0.0,,,,,,,0.0,0.03,-1.0,-1.8369701987210294e-16,-0.9368813462954316,-0.3496474552512282,1,19.0,17.0,29.333333333333332,29.0,1,1,36,,otonio,19
20.375,41.416666666666664,11.022916666666667,0.0,791.9583333333334,1356.0,3.8645833333333335,34.760416666666664,0.0,0.0,0.0,0.068,0.4999999999999999,-0.8660254037844387,0.6152845999633276,-0.7883050558305255,0,47.0,19.0,40.333333333333336,28.857142857142858,1,1,38,URB,primavera,26
28.52916666666667,40.166666666666664,11.022916666666667,0.0,785.7291666666666,2396.0,4.364583333333333,34.479166666666664,0.0,0.0,0.0,0.068,1.2246467991473532e-16,-1.0,0.0945367498171991,-0.9955213724144752,0,32.0,17.0,31.666666666666668,26.142857142857142,1,1,38,URB,verano,27
13.9,75.125,11.022916666666667,0.0,610.6875,1278.0,2.489583333333333,26.447916666666668,0.0,0.0,0.0,0.068,0.8660254037844387,-0.4999999999999998,0.895839290734909,-0.4443781781046132,0,35.0,27.0,30.0,27.142857142857142,1,1,38,URB,primavera,24
29.083333333333332,33.75,11.022916666666667,0.0,390.0833333333333,727.0,1.1354166666666667,16.625,0.0,0.0,0.0,0.068,-0.4999999999999998,-0.8660254037844388,-0.1457991969198744,-0.9893142039703664,1,32.0,14.0,25.333333333333332,19.571428571428573,1,1,38,URB,verano,32
9.245833333333334,52.875,11.022916666666667,0.0,591.1666666666666,1129.0,2.0625,25.541666666666668,0.0,0.0,0.0,0.068,0.8660254037844386,0.5000000000000001,0.7583058084785625,0.6518989958787126,1,56.0,36.0,51.666666666666664,36.57142857142857,1,1,38,URB,invierno,21
20.245833333333337,42.625,11.022916666666667,0.0,656.65625,1236.0,2.9791666666666665,28.541666666666668,0.0,0.0,0.0,0.068,1.2246467991473532e-16,-1.0,0.1966728897935764,-0.980469160361632,0,7.0,31.0,18.333333333333332,28.142857142857142,1,1,38,URB,verano,15
19.508333333333333,34.75,11.022916666666667,0.0,676.0,1316.0,3.5416666666666665,29.5,0.0,0.0,0.0,0.068,1.2246467991473532e-16,-1.0,0.1797665857255624,-0.9837092937736096,0,15.0,43.0,14.666666666666666,25.857142857142858,1,1,38,URB,verano,16
21.358333333333334,59.75,11.022916666666667,0.0,666.8645833333334,1265.0,3.0625,29.125,0.0,0.0,0.0,0.068,-1.0,-1.8369701987210294e-16,-0.97961369164549,-0.2008905551306352,0,14.0,28.0,22.333333333333332,21.857142857142858,1,1,38,URB,otonio,22
20.620833333333337,49.541666666666664,11.022916666666667,0.0,736.6413043478261,1365.0,3.369565217391304,33.58695652173913,0.0,0.0,0.0,0.068,-0.8660254037844386,0.5000000000000001,-0.9959189961471792,0.0902516100310407,0,51.0,17.0,59.666666666666664,44.714285714285715,1,1,38,URB,otonio,33
5.779166666666667,80.875,11.022916666666667,0.0,500.6354166666667,1062.0,2.114583333333333,21.572916666666668,0.0,0.0,0.0,0.068,0.4999999999999999,0.8660254037844387,0.255353295116187,0.9668478136052776,1,57.0,13.0,54.666666666666664,41.285714285714285,1,1,38,URB,invierno,19
23.154166666666665,29.083333333333332,11.022916666666667,0.0,674.5416666666666,1289.0,2.927083333333333,29.58333333333333,0.0,0.0,0.0,0.068,0.8660254037844387,-0.4999999999999998,0.895839290734909,-0.4443781781046132,0,45.0,30.0,34.0,25.428571428571427,1,1,38,URB,primavera,38
25.033333333333335,36.166666666666664,11.022916666666667,0.0,438.1979166666667,1005.0,1.6041666666666667,18.447916666666668,0.0,0.0,0.0,0.068,-0.4999999999999998,-0.8660254037844388,-0.3456123126707333,-0.9383773917408642,1,15.0,7.0,17.333333333333332,20.428571428571427,1,1,38,URB,verano,14
,83.91666666666667,11.022916666666667,3.083333333333333,422.90425531914894,1020.0,8.0,21.24468085106383,0.0,0.0,0.0,0.049,0.8660254037844386,0.5000000000000001,0.5234156073655503,0.8520775211013093,0,18.0,50.0,24.666666666666668,32.42857142857143,1,0,39,URB,invierno,23
,64.20833333333333,11.022916666666667,1.4166666666666663,473.9148936170213,1260.0,8.946808510638299,23.28723404255319,0.0,0.0,0.0,0.049,-1.0,-1.8369701987210294e-16,-0.9536809966304456,-0.300819807635668,0,26.0,14.0,15.0,17.428571428571427,1,0,39,URB,otonio,22
,86.79166666666667,11.022916666666667,0.0416666666666666,295.1354166666667,696.0,5.375,14.677083333333334,0.0,0.0,0.0,0.049,0.4999999999999999,0.8660254037844387,0.4327755925504312,0.901501684131884,1,36.0,18.0,42.333333333333336,30.0,1,0,39,URB,invierno,37
,74.58333333333333,11.022916666666667,0.0,113.3875,232.0,2.9875,6.025,0.0,0.0,0.0,0.049,0.8660254037844387,-0.4999999999999998,0.9995462806873572,-0.0301203048469081,0,17.0,23.0,13.0,15.428571428571429,1,0,39,URB,primavera,19
,47.416666666666664,11.022916666666667,0.0,294.94565217391306,678.0,6.130434782608695,15.195652173913045,0.0,0.0,0.0,0.049,1.2246467991473532e-16,-1.0,0.3456123126707335,-0.938377391740864,0,9.0,14.0,7.666666666666667,10.285714285714286,1,0,39,URB,verano,14
,42.791666666666664,11.022916666666667,0.0,303.0111111111111,612.0,6.688888888888889,16.055555555555557,0.0,0.0,0.0,0.049,-1.0,-1.8369701987210294e-16,-0.888057322629493,-0.4597327394521046,0,53.0,46.0,27.666666666666668,28.0,1,0,39,URB,otonio,29
,55.75,11.022916666666667,1.7083333333333333,,,,,,,0.0,0.049,0.4999999999999999,-0.8660254037844387,0.5160623910158528,-0.8565509959010036,0,13.0,12.0,18.0,17.285714285714285,1,0,39,,primavera,19
,35.083333333333336,11.022916666666667,0.0,,,,,,,0.0,0.049,-0.4999999999999998,-0.8660254037844388,-0.3131070409358267,-0.9497178427914316,0,20.0,11.0,15.0,17.571428571428573,1,0,39,,verano,33
,49.916666666666664,11.022916666666667,0.0,,,,,,,0.0,0.049,-1.0,-1.8369701987210294e-16,-0.9483615800121716,-0.3171912885891059,1,27.0,39.0,21.666666666666668,27.285714285714285,1,0,39,,otonio,35
17.366666666666667,47.0,11.022916666666667,0.0,,,,,,,0.0,0.049,0.8660254037844387,-0.4999999999999998,0.9634705485641488,-0.2678143051621742,1,20.0,15.0,14.333333333333334,16.428571428571427,1,0,39,,primavera,22
28.979166666666668,36.666666666666664,11.022916666666667,0.0125,426.6315789473685,892.0,9.094736842105265,22.07368421052632,0.0,0.0,0.0,0.049,1.2246467991473532e-16,-1.0,0.263665492728007,-0.9646141756912436,0,29.0,12.0,33.0,26.428571428571427,1,0,39,URB,verano,21
26.475,49.333333333333336,11.022916666666667,0.0,,,,,,,0.0,0.049,-0.4999999999999998,-0.8660254037844388,-0.008606996888688,-0.9999629591162656,1,9.0,25.0,14.0,19.428571428571427,1,0,39,,verano,12
17.541666666666664,73.66666666666667,11.022916666666667,0.55,,,,,,,0.0,0.049,-1.0,-1.8369701987210294e-16,-0.8800122039735356,-0.4749510720670502,1,38.0,10.0,25.666666666666668,15.714285714285714,1,0,39,,otonio,29
25.145833333333336,41.916666666666664,11.022916666666667,0.0,231.0,457.0,1.5833333333333333,22.30208333333333,0.0,0.0,2.26,0.133,-0.4999999999999998,-0.8660254037844388,-0.4862727071086902,-0.8738071036110807,0,25.0,32.0,22.333333333333332,23.285714285714285,1,1,40,URB,verano,15
6.5875,79.125,11.022916666666667,0.0,289.2842105263158,622.0,2.263157894736842,28.431578947368426,0.0,0.0,2.26,0.133,0.4999999999999999,0.8660254037844387,0.255353295116187,0.9668478136052776,0,74.0,88.0,75.33333333333333,67.71428571428571,1,1,40,URB,invierno,78
20.220833333333335,46.291666666666664,11.022916666666667,0.0,125.45833333333331,283.0,1.1145833333333333,11.8125,0.0,0.0,2.26,0.133,0.4999999999999999,-0.8660254037844387,0.8064799463209448,-0.5912614448635781,0,26.0,6.0,18.666666666666668,12.142857142857142,1,1,40,URB,primavera,14
23.508333333333333,48.666666666666664,11.022916666666667,0.0,192.15625,460.0,1.875,18.64583333333333,0.0,0.0,2.26,0.133,1.2246467991473532e-16,-1.0,0.4711595076738638,-0.8820480249558537,0,22.0,14.0,17.0,17.428571428571427,1,1,40,URB,verano,27
28.62916666666667,33.25,11.022916666666667,0.0,243.51041666666663,505.0,2.4375,24.15625,0.0,0.0,2.26,0.133,-0.4999999999999998,-0.8660254037844388,-0.008606996888688,-0.9999629591162656,0,21.0,29.0,20.333333333333332,21.571428571428573,1,1,40,URB,verano,28
13.741666666666664,70.95833333333333,11.022916666666667,0.0,,,,,,,2.26,0.133,0.8660254037844387,-0.4999999999999998,0.9307239310379796,-0.3657225234972689,0,34.0,23.0,30.0,25.714285714285715,1,1,40,,primavera,20
8.670833333333333,58.333333333333336,11.022916666666667,0.0,,,,,,,2.26,0.133,0.8660254037844386,0.5000000000000001,0.6354323008901774,0.7721565844991642,0,43.0,71.0,41.333333333333336,50.857142857142854,1,1,40,,invierno,59
18.745833333333337,41.666666666666664,11.022916666666667,0.0,,,,,,,2.26,0.133,1.2246467991473532e-16,-1.0,0.4711595076738638,-0.8820480249558537,0,24.0,24.0,25.333333333333332,21.714285714285715,1,1,40,,verano,27
27.866666666666667,19.791666666666668,11.022916666666667,0.0,150.67708333333334,312.0,1.1979166666666667,14.208333333333334,0.0,0.0,2.26,0.133,-0.4999999999999998,-0.8660254037844388,-0.3935902766564664,-0.9192859697186104,0,25.0,20.0,25.666666666666668,25.428571428571427,1,1,40,URB,verano,21
12.908333333333337,44.916666666666664,11.022916666666667,0.0,,,,,,,2.26,0.133,0.8660254037844386,0.5000000000000001,0.7694148268839378,0.6387494220515272,0,33.0,30.0,35.0,37.0,1,1,40,,invierno,27
8.379166666666666,57.333333333333336,11.022916666666667,0.0,192.6875,489.0,3.1666666666666665,10.541666666666666,0.0,0.0,2.64,0.152,0.4999999999999999,0.8660254037844387,0.4482293417404106,0.893918596519257,1,49.0,35.0,48.333333333333336,43.42857142857143,1,1,47,URB,invierno,27
24.275,26.875,11.022916666666667,0.0,198.6145833333333,381.0,3.6041666666666665,10.989583333333334,0.0,0.0,2.64,0.152,0.4999999999999999,-0.8660254037844387,0.7295575540864875,-0.6839194216246106,0,33.0,10.0,28.0,20.142857142857142,1,1,47,URB,primavera,42
22.966666666666665,42.625,11.022916666666667,0.0,170.8125,353.0,2.895833333333333,9.1875,0.0,0.0,2.64,0.152,-0.4999999999999998,-0.8660254037844388,-0.4405187843504952,-0.8977433935342336,1,8.0,14.0,17.333333333333332,20.857142857142858,1,1,47,URB,verano,10
23.904166666666665,37.75,11.022916666666667,0.0,196.04166666666663,460.0,4.145833333333333,11.197916666666666,0.0,0.0,2.64,0.152,0.4999999999999999,-0.8660254037844387,0.5307300481619334,-0.8475409228928311,0,13.0,20.0,13.666666666666666,13.428571428571429,1,1,47,URB,primavera,21
25.869565217391305,43.52173913043478,11.022916666666667,0.0,311.5520833333333,693.0,6.8125,17.895833333333332,0.0,0.0,2.64,0.152,1.2246467991473532e-16,-1.0,0.3456123126707335,-0.938377391740864,0,20.0,28.0,25.666666666666668,24.142857142857142,1,1,47,URB,verano,22
14.930434782608696,70.56521739130434,11.022916666666667,0.0,172.20833333333334,397.0,3.083333333333333,9.385416666666666,0.0,0.0,2.64,0.152,-0.5000000000000004,0.8660254037844384,-0.858763958275803,0.5123714121284235,0,12.0,60.0,25.333333333333332,41.714285714285715,1,1,47,URB,otonio,11
10.4875,96.75,11.022916666666667,0.0,189.03125,433.0,3.25,10.395833333333334,0.0,0.0,2.64,0.152,-2.4492935982947064e-16,1.0,-0.1202080448993527,0.9927487224577402,0,50.0,57.0,50.0,48.57142857142857,1,1,47,URB,invierno,36
8.204166666666667,73.83333333333333,11.022916666666667,0.0,314.78125,728.0,6.697916666666667,18.09375,0.0,0.0,2.64,0.152,1.0,6.123233995736766e-17,0.9992500112396836,0.0387222808921744,0,27.0,25.0,23.666666666666668,26.142857142857142,1,1,47,URB,primavera,29
29.425,30.583333333333332,11.022916666666667,0.0,119.85416666666669,263.0,2.0,6.40625,0.0,0.0,2.64,0.152,-0.8660254037844384,-0.5000000000000004,-0.5737722679043243,-0.8190148866680802,1,20.0,11.0,23.666666666666668,19.857142857142858,1,1,47,URB,verano,17
15.775,47.5,11.022916666666667,0.0,200.6875,459.0,3.6770833333333335,11.197916666666666,0.0,0.0,2.64,0.152,-0.8660254037844386,0.5000000000000001,-0.99999073973619,0.0043035382962438,1,28.0,20.0,26.333333333333332,21.857142857142858,1,1,47,URB,otonio,46
18.741666666666667,37.791666666666664,11.022916666666667,0.0,118.61458333333331,235.0,1.7708333333333333,6.135416666666667,0.0,0.0,2.64,0.152,0.4999999999999999,-0.8660254037844387,0.8717063187093218,-0.4900286664290592,0,9.0,19.0,24.666666666666668,28.714285714285715,1,1,47,URB,primavera,8
29.4625,26.5,11.022916666666667,0.0,293.5520833333333,604.0,6.104166666666667,16.875,0.0,0.0,2.64,0.152,-0.4999999999999998,-0.8660254037844388,-0.1628070129385164,-0.9866579328916572,0,32.0,18.0,24.0,19.857142857142858,1,1,47,URB,verano,36
13.895833333333334,35.708333333333336,11.022916666666667,0.0,692.8152173913044,1203.0,2.641304347826087,20.695652173913043,0.0,0.0,1.55,0.088,0.8660254037844386,0.5000000000000001,0.8115390590073611,0.5842981736283683,1,66.0,37.0,64.66666666666667,58.285714285714285,1,1,48,URB,invierno,40
20.483333333333334,39.083333333333336,11.022916666666667,0.0,1270.90625,2492.0,10.46875,40.41666666666666,0.0,0.0,1.55,0.088,1.2246467991473532e-16,-1.0,0.3131070409358269,-0.9497178427914316,0,25.0,25.0,20.333333333333332,18.857142857142858,1,1,48,URB,verano,29
25.079166666666666,38.416666666666664,11.022916666666667,0.0,1217.9791666666667,2095.0,6.0,37.645833333333336,0.0,0.0,1.55,0.088,-0.4999999999999998,-0.8660254037844388,-0.1457991969198744,-0.9893142039703664,0,18.0,25.0,19.666666666666668,23.142857142857142,1,1,48,URB,verano,25
29.65416666666667,27.416666666666668,11.022916666666667,0.0,1254.8125,2228.0,7.125,39.145833333333336,0.0,0.0,1.55,0.088,-0.4999999999999998,-0.8660254037844388,-0.1628070129385164,-0.9866579328916572,0,25.0,24.0,22.333333333333332,23.142857142857142,1,1,48,URB,verano,61
11.025,74.58333333333333,11.022916666666667,0.0,893.8333333333334,1673.0,3.1666666666666665,26.854166666666668,0.0,0.0,1.55,0.088,0.8660254037844386,0.5000000000000001,0.7116566222817746,0.702527474169157,1,47.0,50.0,47.0,48.142857142857146,1,1,48,URB,invierno,47
12.729166666666668,74.625,11.022916666666667,0.0,992.625,2125.0,6.895833333333333,30.83333333333333,0.0,0.0,1.55,0.088,-0.5000000000000004,0.8660254037844384,-0.7583058084785625,0.6518989958787125,0,49.0,33.0,37.333333333333336,31.428571428571427,1,1,48,URB,otonio,46
8.770833333333332,51.875,11.022916666666667,0.0,1086.8125,2128.0,7.989583333333333,34.1875,0.0,0.0,1.55,0.088,-2.4492935982947064e-16,1.0,-0.4635502709028512,0.8860706215341377,0,42.0,61.0,38.0,41.857142857142854,1,1,48,URB,invierno,26
10.175,92.375,11.022916666666667,0.0,832.7083333333334,2005.0,3.6979166666666665,25.291666666666668,0.0,0.0,1.55,0.088,0.4999999999999999,0.8660254037844387,0.4171936026123168,0.9088176373395028,0,17.0,88.0,22.0,46.714285714285715,1,1,48,URB,invierno,27
9.283333333333331,70.75,11.022916666666667,0.0,961.1666666666666,2077.0,5.197916666666667,29.791666666666668,0.0,0.0,1.55,0.088,0.8660254037844386,0.5000000000000001,0.6486295610349814,0.7611042586607747,0,32.0,38.0,24.0,29.714285714285715,1,1,48,URB,invierno,29
20.058333333333337,64.375,11.022916666666667,0.0,1057.5625,2082.0,6.84375,32.96875,0.0,0.0,1.55,0.088,1.2246467991473532e-16,-1.0,0.5012418134457758,-0.865307254363206,0,21.0,15.0,16.333333333333332,18.571428571428573,1,1,48,URB,verano,22
28.80833333333333,40.458333333333336,11.022916666666667,0.0,,,,,,,1.55,0.088,-0.4999999999999998,-0.8660254037844388,-0.455906693508459,-0.8900275764346766,0,24.0,32.0,23.0,24.0,1,1,48,,verano,24
16.691666666666666,60.166666666666664,11.022916666666667,0.0,1065.6770833333333,2280.0,14.958333333333334,35.760416666666664,0.0,0.0,1.55,0.088,-0.8660254037844386,0.5000000000000001,-0.9973249731081556,0.0730951298980777,0,26.0,41.0,25.666666666666668,31.428571428571427,1,1,48,URB,otonio,30
6.6,62.833333333333336,11.022916666666667,0.0,1168.7083333333333,2039.0,15.40625,38.958333333333336,0.0,0.0,1.55,0.088,-0.5000000000000004,0.8660254037844384,-0.5667017562911184,0.8239230057575536,0,44.0,31.0,39.0,34.57142857142857,1,1,48,URB,otonio,52
11.591666666666669,55.416666666666664,11.022916666666667,0.0,494.1458333333333,1435.0,2.052083333333333,14.677083333333334,0.0,0.0,1.55,0.088,0.4999999999999999,0.8660254037844387,0.0172133561558346,0.9998518392091162,1,44.0,23.0,44.333333333333336,33.0,1,1,48,URB,invierno,43
8.795833333333333,60.25,11.022916666666667,0.0,1013.1041666666666,2168.0,8.25,32.072916666666664,0.0,0.0,1.55,0.088,0.8660254037844386,0.5000000000000001,0.7236440382959124,0.6901733882429719,0,35.0,51.0,28.0,44.0,1,1,48,URB,invierno,41
16.85,51.666666666666664,11.022916666666667,0.0,1056.8541666666667,2011.0,7.46875,33.020833333333336,0.0,0.0,1.55,0.088,0.8660254037844387,-0.4999999999999998,0.8880573226294932,-0.4597327394521039,0,31.0,29.0,33.0,26.428571428571427,1,1,48,URB,primavera,17
15.370833333333334,40.25,11.022916666666667,0.0,1103.125,2132.0,7.84375,34.53125,0.0,0.0,1.55,0.088,0.4999999999999999,-0.8660254037844387,0.8263541987239096,-0.5631507242749186,0,18.0,17.0,13.333333333333334,19.428571428571427,1,1,48,URB,primavera,16
25.329166666666666,41.416666666666664,11.022916666666667,0.0,1098.15625,2123.0,8.0625,34.6875,0.0,0.0,1.55,0.088,1.2246467991473532e-16,-1.0,0.3777079652039649,-0.9259247771938498,0,16.0,20.0,23.666666666666668,20.428571428571427,1,1,48,URB,verano,14
29.40833333333333,21.875,11.022916666666667,0.0,692.3020833333334,1191.0,2.6354166666666665,20.52083333333333,0.0,0.0,1.55,0.088,1.2246467991473532e-16,-1.0,0.2303056702306122,-0.973118337233262,1,20.0,22.0,25.0,26.0,1,1,48,URB,verano,22
18.625,49.916666666666664,11.022916666666667,0.0,1092.3229166666667,2022.0,5.208333333333333,33.666666666666664,0.0,0.0,1.55,0.088,-1.0,-1.8369701987210294e-16,-0.9886775902323404,-0.1500553983446526,0,36.0,23.0,29.333333333333332,23.285714285714285,1,1,48,URB,otonio,34
20.054166666666667,59.958333333333336,11.022916666666667,0.0,,,,,,,1.55,0.088,1.2246467991473532e-16,-1.0,0.440518784350495,-0.8977433935342337,0,16.0,26.0,18.0,22.428571428571427,1,1,48,,verano,24
19.816666666666663,63.041666666666664,11.022916666666667,0.0,,,,,,,1.55,0.088,-1.0,-1.8369701987210294e-16,-0.9106046300942162,-0.4132786077829044,0,23.0,13.0,20.333333333333332,24.285714285714285,1,1,48,,otonio,26
15.120833333333334,49.125,11.022916666666667,0.0,,,,,,,1.55,0.088,-1.0,-1.8369701987210294e-16,-0.9911140639934546,-0.1330147065341963,1,32.0,22.0,33.0,29.714285714285715,1,1,48,,otonio,41
9.9625,55.125,11.022916666666667,0.0,529.125,1566.0,4.03125,17.291666666666668,0.0,0.0,0.79,0.433,0.8660254037844386,0.5000000000000001,0.7469720876965552,0.6648553979642865,0,26.0,26.0,37.666666666666664,38.142857142857146,1,1,49,URB,invierno,38
10.4125,76.875,11.022916666666667,0.0,566.03125,1560.0,3.5416666666666665,18.229166666666668,0.0,0.0,0.79,0.433,1.0,6.123233995736766e-17,0.8996308696522433,0.436651231956064,0,20.0,50.0,22.333333333333332,36.857142857142854,1,1,49,URB,primavera,17
4.316666666666666,89.58333333333333,11.022916666666667,0.0,535.8645833333334,1048.0,2.4375,13.677083333333334,0.0,0.0,0.79,0.433,0.4999999999999999,0.8660254037844387,0.0516196672232537,0.998666816288476,0,52.0,48.0,51.666666666666664,52.857142857142854,1,1,49,URB,invierno,64
14.216666666666663,68.625,11.022916666666667,0.0,639.7916666666666,1769.0,3.0416666666666665,16.729166666666668,0.0,0.0,0.79,0.433,1.0,6.123233995736766e-17,0.8919813464595485,0.4520722039323043,0,17.0,14.0,12.0,18.0,1,1,49,URB,primavera,15
10.545833333333333,60.166666666666664,11.022916666666667,0.0,401.0520833333333,878.0,1.7604166666666667,10.145833333333334,0.0,0.0,0.79,0.433,1.0,6.123233995736766e-17,0.9209712877166346,0.3896304495307879,1,19.0,9.0,14.333333333333334,13.428571428571429,1,1,49,URB,primavera,32
8.208333333333332,94.04166666666669,11.022916666666667,0.0,604.1666666666666,1555.0,2.7916666666666665,15.770833333333334,0.0,0.0,0.79,0.433,-2.4492935982947064e-16,1.0,-0.154308820664281,0.9880226656636976,0,28.0,39.0,34.333333333333336,36.42857142857143,1,1,49,URB,invierno,41
13.0875,78.29166666666667,11.022916666666667,0.0,,,,,,,0.79,0.433,0.8660254037844387,-0.4999999999999998,0.895839290734909,-0.4443781781046132,0,22.0,11.0,17.333333333333332,15.142857142857142,1,1,49,,primavera,25
20.920833333333334,47.583333333333336,11.022916666666667,0.0,,,,,,,0.79,0.433,-1.0,-1.8369701987210294e-16,-0.9106046300942162,-0.4132786077829044,0,19.0,23.0,12.333333333333334,15.142857142857142,1,1,49,,otonio,13
4.170833333333333,56.5,11.022916666666667,0.0,505.25,1571.0,3.2916666666666665,16.104166666666668,0.0,0.0,0.79,0.433,0.4999999999999999,0.8660254037844387,0.4171936026123168,0.9088176373395028,0,22.0,12.0,24.0,19.857142857142858,1,1,49,URB,invierno,24
6.625,64.54166666666667,11.022916666666667,0.0,,,,,,,0.79,0.433,0.8660254037844386,0.5000000000000001,0.6870527672236669,0.7266075247685656,0,19.0,28.0,24.666666666666668,26.714285714285715,1,1,49,,invierno,29
12.529166666666669,65.0,11.022916666666667,0.0,,,,,,,0.79,0.433,1.0,6.123233995736766e-17,0.989932495087353,0.141540295217043,0,22.0,14.0,30.666666666666668,21.142857142857142,1,1,49,,primavera,17
14.2375,63.875,11.022916666666667,0.0,,,,,,,0.79,0.433,1.0,6.123233995736766e-17,0.9922222094179324,0.1244792638867891,1,17.0,9.0,23.333333333333332,21.571428571428573,1,1,49,,primavera,13
17.15,46.375,11.022916666666667,0.0,,,,,,,0.79,0.433,0.4999999999999999,-0.8660254037844387,0.6420547132365637,-0.766658819300159,0,9.0,10.0,8.666666666666666,8.571428571428571,1,1,49,,primavera,14
17.575,64.20833333333333,11.022916666666667,0.0,,,,,,,0.79,0.433,1.2246467991473532e-16,-1.0,0.4711595076738638,-0.8820480249558537,1,16.0,13.0,17.333333333333332,17.428571428571427,1,1,49,,verano,12
24.341666666666665,41.708333333333336,11.022916666666667,0.0,,,,,,,0.79,0.433,1.2246467991473532e-16,-1.0,0.2470221804809355,-0.9690098257244062,1,19.0,9.0,15.0,13.0,1,1,49,,verano,24
25.433333333333337,28.708333333333332,11.022916666666667,0.0,,,,,,,0.79,0.433,-0.8660254037844384,-0.5000000000000004,-0.7055836101071774,-0.7086266782644601,0,10.0,23.0,11.666666666666666,15.285714285714286,1,1,49,,verano,12
,77.45,11.022916666666667,0.0,819.4479166666666,1627.0,1.9791666666666667,26.98958333333333,0.0,0.0,2.39,0.149,0.4999999999999999,0.8660254037844387,0.304921224656289,0.9523775757303974,0,59.0,78.0,66.66666666666667,74.28571428571429,1,0,50,URB,invierno,67
,49.208333333333336,11.022916666666667,0.0,900.4895833333334,2433.0,4.21875,29.916666666666668,0.0,0.0,2.39,0.149,0.8660254037844386,0.5000000000000001,0.8311706263658079,0.5560174366570446,0,81.0,59.0,62.333333333333336,63.857142857142854,1,0,50,URB,invierno,60
,50.708333333333336,11.022916666666667,0.0,376.875,699.0,0.8020833333333334,11.885416666666666,0.0,0.0,2.39,0.149,-0.8660254037844384,-0.5000000000000004,-0.6016240632249227,-0.7987793728863648,0,27.0,24.0,35.666666666666664,30.857142857142858,1,0,50,URB,verano,25
,93.45833333333331,11.022916666666667,8.916666666666668,653.125,1197.0,2.083333333333333,21.385416666666668,0.0,0.0,2.39,0.149,-2.4492935982947064e-16,1.0,-0.2051044998686192,0.9787400799669153,0,52.0,31.0,42.0,36.142857142857146,1,0,50,URB,invierno,44
,86.125,11.022916666666667,0.0,531.8333333333334,1028.0,1.5104166666666667,17.322916666666668,0.0,0.0,2.39,0.149,0.8660254037844386,0.5000000000000001,0.6486295610349814,0.7611042586607747,0,39.0,42.0,48.666666666666664,49.142857142857146,1,0,50,URB,invierno,53
,50.375,11.022916666666667,0.0,395.2916666666667,770.0,0.9479166666666666,12.583333333333334,0.0,0.0,2.39,0.149,0.8660254037844386,0.5000000000000001,0.7909456567567772,0.6118864012687243,1,60.0,44.0,59.0,47.0,1,0,50,URB,invierno,62
,63.75,11.022916666666667,0.0,507.7291666666667,1157.0,1.7604166666666667,16.479166666666668,0.0,0.0,2.39,0.149,-0.8660254037844386,0.5000000000000001,-0.994217906893952,0.107381346664163,0,29.0,58.0,19.0,31.428571428571427,1,0,50,URB,otonio,43
,69.16666666666667,11.022916666666667,0.0,317.7083333333333,1068.0,1.3541666666666667,10.322916666666666,0.0,0.0,2.39,0.149,-2.4492935982947064e-16,1.0,-0.4014879892059737,0.9158642882672868,1,23.0,33.0,36.333333333333336,38.0,1,0,50,URB,invierno,20
,38.666666666666664,11.022916666666667,0.0,,,,,,,2.39,0.149,-0.8660254037844384,-0.5000000000000004,-0.5595892624101763,-0.828770087174504,0,24.0,34.0,25.0,25.0,1,0,50,,verano,35
,83.75,11.022916666666667,0.0,,,,,,,2.39,0.149,-2.4492935982947064e-16,1.0,-0.1712931441814778,0.9852201067560606,0,52.0,49.0,41.666666666666664,51.714285714285715,1,0,50,,invierno,54
,91.45833333333331,11.022916666666667,0.0,,,,,,,2.39,0.149,-2.4492935982947064e-16,1.0,-0.1372787721132651,0.9905324521322229,0,51.0,63.0,52.333333333333336,49.714285714285715,1,0,50,,invierno,54
12.729166666666668,60.583333333333336,11.022916666666667,0.0,,,,,,,2.39,0.149,0.8660254037844387,-0.4999999999999998,0.9951053111006976,-0.0988201387328714,0,42.0,45.0,31.666666666666668,29.714285714285715,1,0,50,,primavera,38
21.295833333333334,47.75,11.022916666666667,0.0,564.2604166666666,1200.0,1.25,18.260416666666668,0.0,0.0,2.39,0.149,0.4999999999999999,-0.8660254037844387,0.7856498550787145,-0.6186714032625031,0,32.0,16.0,22.333333333333332,22.428571428571427,1,0,50,URB,primavera,38
12.879166666666666,50.166666666666664,11.022916666666667,0.0,,,,,,,2.39,0.149,1.0,6.123233995736766e-17,0.9778483415056568,0.2093146459630484,0,24.0,35.0,23.666666666666668,36.285714285714285,1,0,50,,primavera,25
16.05,52.375,11.022916666666667,0.0,,,,,,,2.39,0.149,0.8660254037844387,-0.4999999999999998,0.9829265519799822,-0.18399835165768,0,31.0,24.0,30.666666666666668,24.714285714285715,1,0,50,,primavera,22
21.425,42.333333333333336,11.022916666666667,0.0,,,,,,,2.39,0.149,-0.8660254037844384,-0.5000000000000004,-0.5595892624101763,-0.828770087174504,1,9.0,25.0,17.333333333333332,19.142857142857142,1,0,50,,verano,11
29.22083333333333,35.083333333333336,11.022916666666667,0.0,,,,,,,2.39,0.149,-0.8660254037844384,-0.5000000000000004,-0.7526668275320083,-0.6584015846980489,1,18.0,14.0,23.333333333333332,21.857142857142858,1,0,50,,verano,26
8.533333333333333,76.70833333333333,12.366666666666667,0.0,170.86315789473684,508.0,1.4842105263157894,25.26315789473684,0.0,0.0,0.0,0.377,0.4999999999999999,0.8660254037844387,0.288482432880609,0.9574851883550392,0,59.0,53.0,72.33333333333333,67.57142857142857,0,0,54,URB,invierno,51
20.154166666666665,42.083333333333336,9.966666666666669,0.0,65.20212765957447,166.0,0.1170212765957446,8.287234042553191,0.0,0.0,0.0,0.377,0.4999999999999999,-0.8660254037844387,0.6807734094770161,-0.7324940716135789,0,13.0,14.0,14.666666666666666,17.0,0,0,54,URB,primavera,24
7.729166666666667,73.66666666666667,15.620833333333334,0.25,,,,,,,0.0,0.377,0.8660254037844386,0.5000000000000001,0.6084768701151261,0.7935716089521474,1,20.0,5.0,25.333333333333332,19.571428571428573,0,0,54,,invierno,7
22.279166666666665,46.25,10.041666666666668,0.0,,,,,,,0.0,0.377,-1.0,-1.8369701987210294e-16,-0.9427611433904206,-0.333468778918187,1,16.0,34.0,18.0,25.285714285714285,0,0,54,,otonio,22
9.954166666666667,49.708333333333336,7.425,0.0,,,,,,,0.0,0.377,-2.4492935982947064e-16,1.0,-0.2719581575341052,0.9623090774541488,0,67.0,9.0,57.666666666666664,36.714285714285715,0,0,54,,invierno,84
23.845833333333335,24.291666666666668,14.3125,0.0,,,,,,,0.0,0.377,-0.8660254037844384,-0.5000000000000004,-0.8165380514459157,-0.5772916165517278,1,24.0,20.0,22.333333333333332,23.571428571428573,0,0,54,,verano,14
16.079166666666666,45.625,10.025,0.0,101.23958333333331,191.0,30.64583333333333,28.885416666666668,0.0,0.0,2.43,0.47,0.8660254037844387,-0.4999999999999998,0.9760105506323684,-0.2177232303965317,1,55.0,16.0,46.333333333333336,31.857142857142858,0,0,55,URB,primavera,43
30.95,21.0,11.022916666666667,0.0,107.29166666666669,215.0,31.0,29.90625,0.0,0.0,2.43,0.47,1.2246467991473532e-16,-1.0,0.025818440227133,-0.9996666485105112,1,38.0,35.0,32.333333333333336,30.857142857142858,1,1,55,URB,verano,28
20.445833333333333,41.083333333333336,8.679166666666667,0.0,105.22916666666669,279.0,29.64583333333333,28.95833333333333,0.0,0.0,2.43,0.47,-1.0,-1.8369701987210294e-16,-0.9995462806873572,-0.0301203048469083,1,55.0,13.0,53.333333333333336,41.142857142857146,0,0,55,URB,otonio,51
5.470833333333333,80.33333333333333,5.208333333333334,0.0,102.875,243.0,29.947916666666668,28.17708333333333,0.0,0.0,2.43,0.47,-2.4492935982947064e-16,1.0,6.432490598706546e-16,1.0,0,76.0,59.0,77.66666666666667,63.57142857142857,0,0,55,URB,invierno,68
8.608333333333333,87.125,7.0625,0.0,175.34375,402.0,36.78125,41.21875,0.0,0.0,2.43,0.47,0.8660254037844386,0.5000000000000001,0.6994583270516471,0.7146733860429609,0,45.0,56.0,47.666666666666664,50.285714285714285,0,0,55,URB,invierno,46
25.7125,43.166666666666664,14.166666666666666,0.0,105.02083333333331,225.0,26.479166666666668,27.73958333333333,0.0,0.0,2.43,0.47,-0.4999999999999998,-0.8660254037844388,-0.2135209154397959,-0.9769384927771816,0,6.0,16.0,11.666666666666666,14.857142857142858,0,0,55,URB,verano,13
-0.0458333333333333,69.0,8.495833333333334,0.0,76.03125,239.0,21.46875,21.08333333333333,0.0,0.0,2.43,0.47,0.4999999999999999,0.8660254037844387,0.1031016974474348,0.9946708199115212,0,62.0,33.0,44.333333333333336,38.0,0,0,55,URB,invierno,41
8.270833333333332,63.791666666666664,4.825,0.0,,,,,,,2.43,0.47,-0.5000000000000004,0.8660254037844384,-0.7583058084785625,0.6518989958787125,0,58.0,37.0,49.0,39.42857142857143,0,0,55,,otonio,66
6.495833333333333,78.875,6.354166666666666,0.0,,,,,,,2.43,0.47,-2.4492935982947064e-16,1.0,-0.3049212246562894,0.9523775757303972,0,45.0,31.0,35.333333333333336,28.571428571428573,0,1,55,,invierno,46
18.504166666666663,40.708333333333336,12.579166666666667,0.0,174.89583333333334,403.0,29.30208333333333,39.177083333333336,0.0,0.0,2.43,0.47,-1.0,-1.8369701987210294e-16,-0.9033558023246842,-0.4288919379124841,0,20.0,14.0,22.666666666666668,25.142857142857142,0,0,55,URB,otonio,27
5.8304347826086955,86.21739130434783,4.817391304347826,0.0,176.61458333333334,364.0,27.260416666666668,38.6875,0.0,0.0,2.43,0.47,0.4999999999999999,0.8660254037844387,0.2219215130041655,0.9750645322571948,0,58.0,56.0,50.666666666666664,44.857142857142854,0,0,55,URB,invierno,53
17.966666666666665,66.75,11.022916666666667,0.0,,,,,,,2.43,0.47,1.2246467991473532e-16,-1.0,0.4250003399695541,-0.9051931898913974,0,27.0,33.0,20.0,22.714285714285715,1,0,55,,verano,27
20.8375,40.208333333333336,15.9625,0.0,,,,,,,0.0,0.022,0.4999999999999999,-0.8660254037844387,0.6152845999633276,-0.7883050558305255,0,74.0,24.0,63.333333333333336,43.57142857142857,0,0,56,,primavera,44
12.8875,88.33333333333333,10.8375,0.0,,,,,,,0.0,0.022,0.4999999999999999,0.8660254037844387,0.4327755925504312,0.901501684131884,0,17.0,83.0,14.666666666666666,36.0,0,0,56,,invierno,25
10.941666666666666,68.25,14.591666666666663,0.0,,,,,,,0.0,0.022,0.8660254037844386,0.5000000000000001,0.8214765533024142,0.5702422926917871,0,48.0,56.0,43.0,44.42857142857143,0,0,56,,invierno,47
21.94782608695652,58.47826086956522,8.952173913043477,0.0,,,,,,,0.0,0.022,-1.0,-1.8369701987210294e-16,-0.9721181966290612,-0.2344913895704105,0,50.0,24.0,42.666666666666664,40.57142857142857,0,0,56,,otonio,41
9.1625,58.041666666666664,15.075,0.0,,,,,,,0.0,0.022,0.8660254037844386,0.5000000000000001,0.7583058084785625,0.6518989958787126,1,61.0,58.0,58.0,50.142857142857146,0,0,56,,invierno,41
12.608333333333333,81.54166666666667,8.854166666666668,0.075,,,,,,,0.0,0.022,0.8660254037844387,-0.4999999999999998,0.895839290734909,-0.4443781781046132,0,39.0,27.0,40.0,30.428571428571427,0,0,56,,primavera,47
5.283333333333333,60.833333333333336,7.958333333333333,0.0,263.875,452.0,21.21875,21.510416666666668,0.0,0.0,0.0,0.022,0.4999999999999999,0.8660254037844387,0.4327755925504312,0.901501684131884,0,42.0,20.0,45.666666666666664,39.857142857142854,0,0,56,URB,invierno,52
,39.875,11.022916666666667,0.0,,,,,,,4.67,0.187,1.0,6.123233995736766e-17,0.9611297838723007,0.2760969730974688,1,62.0,48.0,40.0,38.57142857142857,1,0,57,,primavera,32
,48.375,11.022916666666667,0.0,,,,,,,4.67,0.187,0.4999999999999999,-0.8660254037844387,0.8452490573530633,-0.5343725582809787,1,12.0,37.0,12.666666666666666,20.571428571428573,1,0,57,,primavera,13
,87.08333333333333,11.022916666666667,1.3333333333333337,,,,,,,4.67,0.187,-0.5000000000000004,0.8660254037844384,-0.8311706263658079,0.5560174366570446,0,35.0,20.0,38.333333333333336,38.0,1,0,57,,otonio,28
,74.375,11.022916666666667,2.208333333333333,,,,,,,4.67,0.187,0.8660254037844386,0.5000000000000001,0.5808002734538009,0.8140460935082178,0,37.0,27.0,32.0,22.571428571428573,1,0,57,,invierno,25
29.22083333333333,35.083333333333336,11.022916666666667,0.0,,,,,,,4.67,0.187,-0.8660254037844384,-0.5000000000000004,-0.7526668275320083,-0.6584015846980489,1,18.0,7.0,18.333333333333332,15.428571428571429,1,0,57,,verano,20
19.029166666666665,41.541666666666664,11.022916666666667,0.0,10.46808510638298,70.0,0.4042553191489361,1.297872340425532,0.0,0.0,0.0,3.713,0.4999999999999999,-0.8660254037844387,0.5595892624101765,-0.8287700871745037,0,12.0,9.0,7.333333333333333,9.428571428571429,1,1,58,URB,primavera,7
2.775,83.91666666666667,11.022916666666667,0.0,15.53225806451613,70.0,0.6774193548387096,1.967741935483871,0.0,0.0,0.0,3.713,0.4999999999999999,0.8660254037844387,0.0688024268023198,0.9976303053065856,1,37.0,32.0,35.666666666666664,33.285714285714285,1,1,58,URB,invierno,17
24.920833333333334,39.25,11.022916666666667,0.0,11.268817204301076,72.0,0.5161290322580645,1.4946236559139785,0.0,0.0,0.0,3.713,1.2246467991473532e-16,-1.0,0.077386479233463,-0.9970011699250152,0,10.0,10.0,12.666666666666666,10.571428571428571,1,1,58,URB,verano,9
29.445833333333333,29.875,11.022916666666667,0.0,15.91304347826087,67.0,0.717391304347826,2.0869565217391304,0.0,0.0,0.0,3.713,-0.4999999999999998,-0.8660254037844388,-0.1116590071216944,-0.993746580436178,0,7.0,11.0,7.333333333333333,8.571428571428571,1,1,58,URB,verano,9
19.308333333333337,39.625,11.022916666666667,0.0,16.05,120.0,0.6875,1.8125,0.0,0.0,0.0,3.713,-0.8660254037844384,-0.5000000000000004,-0.8543221697498269,-0.5197438121555157,1,11.0,12.0,15.0,13.857142857142858,1,1,58,URB,verano,3
24.745833333333337,32.791666666666664,11.022916666666667,0.0,,,,,,,0.0,3.713,-0.4999999999999998,-0.8660254037844388,-0.3617137307297674,-0.9322892131745134,0,16.0,16.0,16.666666666666668,13.714285714285714,1,1,58,,verano,13
14.979166666666666,62.333333333333336,11.022916666666667,0.0,,,,,,,0.0,3.713,-0.8660254037844386,0.5000000000000001,-0.970063921851507,0.2428497220959358,0,25.0,26.0,20.0,19.0,1,1,58,,otonio,25
9.9125,94.33333333333331,11.022916666666667,0.0,7.529411764705882,40.0,0.4352941176470588,1.2470588235294118,0.0,0.0,0.0,3.713,-2.4492935982947064e-16,1.0,-0.4171936026123169,0.9088176373395028,0,23.0,29.0,22.666666666666668,22.714285714285715,1,1,58,URB,invierno,15
24.441666666666663,44.25,11.022916666666667,0.0,,,,,,,0.0,3.713,-0.4999999999999998,-0.8660254037844388,-0.008606996888688,-0.9999629591162656,1,7.0,13.0,7.333333333333333,11.285714285714286,1,1,58,,verano,5
3.8833333333333337,97.125,6.170833333333333,0.0416666666666666,,,,,,,0.0,0.58,-2.4492935982947064e-16,1.0,-0.3536761221763721,0.935367949313148,0,42.0,16.0,42.0,29.714285714285715,0,0,59,,invierno,53
2.3,66.125,5.191666666666666,0.0,,,,,,,0.0,0.58,0.4999999999999999,0.8660254037844387,0.2051044998686192,0.9787400799669153,1,38.0,32.0,43.0,46.285714285714285,0,0,59,,invierno,42
8.5,58.291666666666664,8.775,0.0,,,,,,,0.0,0.58,1.0,6.123233995736766e-17,0.9984354211555644,0.0559169901006034,1,8.0,9.0,10.0,8.142857142857142,0,0,59,,primavera,11
24.020833333333336,43.291666666666664,9.85,0.0833333333333333,,,,,,,0.0,0.58,-1.0,-1.8369701987210294e-16,-0.9634705485641486,-0.2678143051621748,0,14.0,6.0,20.666666666666668,17.571428571428573,0,0,59,,otonio,15
9.466666666666669,87.83333333333333,10.6125,2.041666666666667,,,,,,,0.0,0.58,-0.5000000000000004,0.8660254037844384,-0.5524353131676203,0.8335557718385695,0,37.0,24.0,40.666666666666664,32.57142857142857,0,0,59,,otonio,24
12.095833333333331,34.833333333333336,16.3375,0.0,,,,,,,0.0,0.58,0.8660254037844387,-0.4999999999999998,0.9988797155850336,-0.0473213883224318,0,17.0,34.0,9.0,16.0,0,0,59,,primavera,8
21.345833333333335,55.166666666666664,11.022916666666667,0.0,,,,,,,0.0,0.58,1.2246467991473532e-16,-1.0,0.1457991969198751,-0.9893142039703664,0,20.0,16.0,15.666666666666666,16.428571428571427,1,0,59,,verano,19
30.6625,32.0,11.022916666666667,0.0,,,,,,,0.0,0.58,-0.4999999999999998,-0.8660254037844388,-0.2967128192734901,-0.9549667548552552,0,28.0,24.0,20.333333333333332,18.0,1,0,59,,verano,17
,48.375,11.022916666666667,0.0,104.61458333333331,296.0,1.9895833333333333,5.177083333333333,0.0,0.0,3.09,0.283,1.2246467991473532e-16,-1.0,0.1797665857255624,-0.9837092937736096,0,21.0,21.0,19.0,18.0,1,0,60,URB,verano,18
,75.95833333333333,11.022916666666667,0.0,110.41052631578948,374.0,2.526315789473684,5.957894736842105,0.0,0.0,3.09,0.283,0.8660254037844386,0.5000000000000001,0.5667017562911176,0.8239230057575542,0,47.0,7.0,30.333333333333332,20.571428571428573,1,0,60,URB,invierno,61
,49.916666666666664,11.022916666666667,0.0,49.51041666666666,177.0,0.6979166666666666,2.302083333333333,0.0,0.0,3.09,0.283,1.2246467991473532e-16,-1.0,0.2802306751992158,-0.9599326896597448,1,7.0,6.0,8.0,7.571428571428571,1,0,60,URB,verano,9
,62.666666666666664,11.022916666666667,0.0,,,,,,,3.09,0.283,-0.8660254037844386,0.5000000000000001,-0.9398560579418952,0.341570769167856,0,38.0,50.0,43.333333333333336,45.714285714285715,1,0,60,,otonio,29
,84.95833333333333,11.022916666666667,0.0,,,,,,,3.09,0.283,-0.5000000000000004,0.8660254037844384,-0.594726686960764,0.8039279618328208,0,42.0,35.0,37.666666666666664,38.285714285714285,1,0,60,,otonio,40
,62.333333333333336,11.022916666666667,0.0,,,,,,,3.09,0.283,-0.5000000000000004,0.8660254037844384,-0.5380051715382992,0.8429415373547832,1,21.0,31.0,42.0,39.857142857142854,1,0,60,,otonio,18
23.533333333333335,48.333333333333336,11.022916666666667,0.0,37.552083333333336,82.0,0.9375,2.1666666666666665,0.0,0.0,3.09,0.283,-0.8660254037844384,-0.5000000000000004,-0.8359254794186365,-0.5488429582847199,1,17.0,19.0,16.0,16.857142857142858,1,0,60,URB,verano,14
8.033333333333333,71.875,11.022916666666667,0.1416666666666666,94.2872340425532,329.0,2.4574468085106385,5.297872340425532,0.0,0.0,3.09,0.283,-0.5000000000000004,0.8660254037844384,-0.5380051715382992,0.8429415373547832,0,43.0,11.0,37.0,25.0,1,0,60,URB,otonio,28
5.625,73.08333333333333,11.022916666666667,0.0,93.04166666666669,261.0,1.7083333333333333,4.5625,0.0,0.0,3.09,0.283,-2.4492935982947064e-16,1.0,-0.4787338401157883,0.8779600847008883,0,34.0,23.0,48.666666666666664,40.714285714285715,1,0,60,URB,invierno,42
25.445833333333333,46.041666666666664,11.022916666666667,0.0,,,,,,,3.09,0.283,-0.4999999999999998,-0.8660254037844388,-0.0773864792334632,-0.9970011699250152,0,15.0,16.0,14.666666666666666,14.571428571428571,1,0,60,,verano,13
26.05,31.208333333333332,11.022916666666667,0.0,,,,,,,3.09,0.283,-0.4999999999999998,-0.8660254037844388,-0.3131070409358267,-0.9497178427914316,0,14.0,16.0,21.0,16.0,1,0,60,,verano,19
5.529166666666667,,11.022916666666667,0.0,340.2916666666667,564.0,6.020833333333333,21.52083333333333,0.0,0.0,0.0,0.06,0.8660254037844386,0.5000000000000001,0.6616346182422783,0.7498264012045686,1,10.0,36.0,19.666666666666668,30.0,1,1,4,URB,invierno,12
9.1125,88.58333333333333,11.022916666666667,0.0,566.0105263157894,1129.0,4.757894736842105,29.2,0.0,0.0,0.0,0.075,0.4999999999999999,0.8660254037844387,0.288482432880609,0.9574851883550392,0,25.0,37.0,29.666666666666668,34.857142857142854,1,1,8,URB,invierno,17
10.958333333333332,57.791666666666664,11.022916666666667,0.0,457.8229166666667,832.0,3.1979166666666665,23.20833333333333,0.0,0.0,0.0,0.075,0.8660254037844386,0.5000000000000001,0.5524353131676196,0.8335557718385699,1,47.0,41.0,44.333333333333336,41.857142857142854,1,1,8,URB,invierno,38
10.133333333333333,84.0,11.022916666666667,0.0,514.8229166666666,1100.0,3.96875,26.416666666666668,0.0,0.0,0.0,0.075,0.8660254037844386,0.5000000000000001,0.6744436188329455,0.7383263540031065,0,15.0,62.0,17.333333333333332,31.142857142857142,1,1,8,URB,invierno,21
11.016666666666667,62.458333333333336,11.022916666666667,0.0,578.6979166666666,1039.0,4.635416666666667,29.59375,0.0,0.0,0.0,0.075,0.8660254037844386,0.5000000000000001,0.7236440382959124,0.6901733882429719,0,35.0,23.0,34.333333333333336,25.142857142857142,1,1,8,URB,invierno,32
20.533333333333335,35.583333333333336,11.022916666666667,0.0,312.4482758620689,668.0,2.32183908045977,15.528735632183908,0.0,0.0,0.0,0.075,0.4999999999999999,-0.8660254037844387,0.5737722679043246,-0.8190148866680801,1,21.0,12.0,20.333333333333332,18.714285714285715,1,1,8,URB,primavera,29
5.683333333333334,69.625,11.022916666666667,0.0,428.9583333333333,908.0,4.28125,16.385416666666668,0.0,0.0,2.6,0.052,1.0,6.123233995736766e-17,0.995918996147179,0.0902516100310411,0,19.0,48.0,16.333333333333332,27.285714285714285,1,1,11,URB,primavera,10
6.8125,91.625,11.022916666666667,0.0,211.3333333333333,434.0,1.5,7.541666666666667,0.0,0.0,2.6,0.052,1.0,6.123233995736766e-17,0.9992500112396836,0.0387222808921744,0,8.0,33.0,8.666666666666666,15.428571428571429,1,1,11,URB,primavera,12
12.270833333333332,84.04166666666667,11.022916666666667,0.0,560.5625,1344.0,3.6979166666666665,27.78125,0.0,0.0,0.0,0.08,-0.8660254037844386,0.5000000000000001,-0.8758917051442433,0.4825077417612176,0,14.0,23.0,15.0,17.142857142857142,1,1,16,URB,otonio,23
12.458333333333332,45.416666666666664,11.022916666666667,0.0,548.2708333333334,1210.0,3.28125,26.979166666666668,0.0,0.0,0.0,0.08,0.8660254037844387,-0.4999999999999998,0.9483615800121716,-0.3171912885891061,0,9.0,29.0,11.666666666666666,21.571428571428573,1,1,16,URB,primavera,18
8.979166666666668,,11.022916666666667,0.0,,,,,,,0.0,0.488,0.8660254037844386,0.5000000000000001,0.5808002734538009,0.8140460935082178,0,51.0,50.0,46.666666666666664,50.142857142857146,1,1,18,,invierno,66
16.679166666666667,,11.022916666666667,0.0,,,,,,,0.0,0.488,1.0,6.123233995736766e-17,0.9778483415056568,0.2093146459630484,0,44.0,46.0,37.0,37.857142857142854,1,1,18,,primavera,44
15.070833333333336,80.20833333333333,10.745833333333334,0.0,120.0,120.0,1.0,0.0,57.0,57.0,0.0,1.182,-0.8660254037844386,0.5000000000000001,-0.965739937654855,0.2595117970697994,0,12.0,32.0,16.333333333333332,26.714285714285715,0,0,24,C30,otonio,8
5.808333333333334,87.70833333333333,5.4625,0.0,,,,,,,2.78,0.168,-0.5000000000000004,0.8660254037844384,-0.5524353131676203,0.8335557718385695,0,56.0,59.0,73.33333333333333,56.285714285714285,0,0,27,,otonio,53
10.05,87.875,22.7625,0.8291666666666666,,,,,,,2.78,0.168,0.4999999999999999,0.8660254037844387,0.288482432880609,0.9574851883550392,0,26.0,40.0,34.666666666666664,35.714285714285715,0,0,27,,invierno,14
17.9875,54.916666666666664,5.945833333333334,0.0,,,,,,,2.78,0.168,0.8660254037844387,-0.4999999999999998,0.9760105506323684,-0.2177232303965317,1,37.0,38.0,29.666666666666668,25.857142857142858,0,0,27,,primavera,38
,,11.022916666666667,0.0,20.727272727272727,60.0,5.151515151515151,7.272727272727272,0.0,0.0,0.0,0.03,0.4999999999999999,-0.8660254037844387,0.5160623910158528,-0.8565509959010036,0,24.0,20.0,21.333333333333332,19.142857142857142,1,1,35,URB,primavera,35
5.629166666666666,63.583333333333336,11.022916666666667,0.0,,,,,,,0.0,0.03,0.4999999999999999,0.8660254037844387,0.1031016974474348,0.9946708199115212,1,21.0,60.0,34.333333333333336,39.857142857142854,1,1,36,,invierno,21
10.133333333333333,62.791666666666664,11.022916666666667,0.0,,,,,,,0.0,0.03,0.4999999999999999,0.8660254037844387,0.4482293417404106,0.893918596519257,1,50.0,25.0,50.666666666666664,48.285714285714285,1,1,36,,invierno,40
6.1375,61.166666666666664,11.022916666666667,0.0,567.5833333333334,1173.0,2.427083333333333,24.48958333333333,0.0,0.0,0.0,0.068,0.8660254037844386,0.5000000000000001,0.8115390590073611,0.5842981736283683,1,16.0,51.0,30.0,43.714285714285715,1,1,38,URB,invierno,11
10.341666666666669,47.625,11.022916666666667,0.0,713.5520833333334,1427.0,4.854166666666667,31.635416666666668,0.0,0.0,0.0,0.068,0.8660254037844387,-0.4999999999999998,0.9886775902323404,-0.1500553983446526,0,11.0,26.0,22.666666666666668,25.714285714285715,1,1,38,URB,primavera,19
11.608333333333333,89.20833333333333,11.022916666666667,0.0,,,,,,,0.0,0.049,-0.5000000000000004,0.8660254037844384,-0.7116566222817751,0.7025274741691566,0,45.0,32.0,28.0,22.0,1,0,39,,otonio,37
11.370833333333334,84.79166666666667,11.022916666666667,0.0,,,,,,,0.0,0.049,0.8660254037844386,0.5000000000000001,0.6994583270516471,0.7146733860429609,0,34.0,27.0,24.0,24.142857142857142,1,0,39,,invierno,41
15.85,32.708333333333336,11.022916666666667,0.0,297.8333333333333,684.0,6.15625,15.322916666666666,0.0,0.0,0.0,0.049,0.8660254037844387,-0.4999999999999998,0.9368813462954316,-0.3496474552512284,1,20.0,33.0,17.0,20.714285714285715,1,0,39,URB,primavera,8
20.591666666666665,38.333333333333336,11.022916666666667,0.0,,,,,,,0.0,0.049,0.4999999999999999,-0.8660254037844387,0.7748840413670407,-0.6321034111873487,0,32.0,12.0,23.0,16.0,1,0,39,,primavera,35
5.583333333333334,77.91666666666667,11.022916666666667,0.0,209.1145833333333,517.0,3.75,11.583333333333334,0.0,0.0,2.64,0.152,-2.4492935982947064e-16,1.0,-0.4635502709028512,0.8860706215341377,1,23.0,44.0,19.333333333333332,25.571428571428573,1,1,47,URB,invierno,32
16.266666666666666,34.208333333333336,11.022916666666667,0.0,206.54166666666663,520.0,3.7916666666666665,11.208333333333334,0.0,0.0,2.64,0.152,0.8660254037844387,-0.4999999999999998,0.9368813462954316,-0.3496474552512284,1,14.0,28.0,13.666666666666666,17.571428571428573,1,1,47,URB,primavera,8
9.158333333333331,73.16666666666667,11.022916666666667,0.0,944.78125,2018.0,4.364583333333333,28.854166666666668,0.0,0.0,1.55,0.088,0.8660254037844387,-0.4999999999999998,0.9995462806873572,-0.0301203048469081,0,18.0,13.0,16.666666666666668,14.285714285714286,1,1,48,URB,primavera,30
7.7625,56.166666666666664,11.022916666666667,0.0,,,,,,,0.79,0.433,1.0,6.123233995736766e-17,0.8674563547295968,0.4975132889071806,0,26.0,9.0,19.666666666666668,13.142857142857142,1,1,49,,primavera,9
14.045833333333334,81.79166666666667,11.022916666666667,0.0041666666666666,,,,,,,2.39,0.149,-0.8660254037844386,0.5000000000000001,-0.8919813464595487,0.4520722039323037,1,23.0,21.0,21.0,22.142857142857142,1,0,50,,otonio,16
23.466666666666665,40.666666666666664,11.022916666666667,0.0,,,,,,,2.39,0.149,0.4999999999999999,-0.8660254037844387,0.5595892624101765,-0.8287700871745037,0,21.0,19.0,18.0,18.571428571428573,1,0,50,,primavera,19
8.995833333333334,65.95833333333333,17.920833333333334,0.0,,,,,,,2.43,0.47,-0.5000000000000004,0.8660254037844384,-0.622046748440868,0.7829801036770625,0,20.0,31.0,33.666666666666664,36.714285714285715,0,0,55,,otonio,17
7.15,65.875,13.041666666666666,0.0,,,,,,,0.0,0.022,0.4999999999999999,0.8660254037844387,0.1031016974474348,0.9946708199115212,1,13.0,44.0,26.666666666666668,31.857142857142858,0,0,56,,invierno,15
6.204166666666667,88.04166666666667,5.7625,0.0,,,,,,,0.0,0.022,0.4999999999999999,0.8660254037844387,0.3697245428906731,0.9291414114031744,0,35.0,29.0,30.333333333333332,25.428571428571427,0,0,56,,invierno,42
10.758333333333333,90.66666666666669,11.022916666666667,0.175,,,,,,,4.67,0.187,-0.5000000000000004,0.8660254037844384,-0.8311706263658079,0.5560174366570446,1,12.0,8.0,15.666666666666666,18.857142857142858,1,0,57,,otonio,8
12.070833333333333,75.125,11.022916666666667,0.15,,,,,,,4.67,0.187,-0.5000000000000004,0.8660254037844384,-0.780295851070776,0.6254105729852457,0,34.0,9.0,30.333333333333332,18.285714285714285,1,0,57,,otonio,13
8.75,59.375,11.022916666666667,0.0,,,,,,,4.67,0.187,-0.5000000000000004,0.8660254037844384,-0.622046748440868,0.7829801036770625,0,19.0,39.0,35.333333333333336,44.142857142857146,1,0,57,,otonio,13
1.5625,79.79166666666667,11.022916666666667,0.0,,,,,,,0.0,3.713,0.4999999999999999,0.8660254037844387,0.1372787721132647,0.9905324521322229,0,11.0,15.0,9.666666666666666,14.571428571428571,1,1,58,,invierno,29
11.325,75.625,16.333333333333336,0.0833333333333333,,,,,,,0.0,0.58,-0.5000000000000004,0.8660254037844384,-0.780295851070776,0.6254105729852457,0,37.0,9.0,33.0,19.571428571428573,0,0,59,,otonio,12
12.391666666666667,56.625,13.1,0.0,,,,,,,0.0,0.58,0.8660254037844387,-0.4999999999999998,0.9033558023246844,-0.4288919379124835,0,22.0,18.0,15.666666666666666,14.571428571428571,0,0,59,,primavera,23
8.716666666666667,71.25,11.022916666666667,0.0,,,,,,,3.09,0.283,-0.5000000000000004,0.8660254037844384,-0.5808002734538014,0.8140460935082175,1,57.0,35.0,33.666666666666664,32.42857142857143,1,0,60,,otonio,53
11.466666666666669,63.958333333333336,11.022916666666667,0.0,,,,,,,3.09,0.283,0.4999999999999999,0.8660254037844387,0.4635502709028509,0.886070621534138,1,35.0,28.0,45.333333333333336,44.57142857142857,1,0,60,,invierno,37
